---29-01-2026
----------- HOMEWORK 1 --------------------

---- step 1.  CREATE 1 DEPT TABLE ( DID PK , DNAME NOT NULL  , LOC_ID)
CREATE TABLE DEPT(DEPARTMENT_ID NUMBER PRIMARY KEY,
DEPARTMENT_NAME VARCHAR2(20)NOT NULL,LOCATION_ID NUMBER);
SELECT * FROM DEPT;

---- step 2. INSERT 5 RECORDS INTO DEPT TABLE 
INSERT INTO DEPT VALUES(10,'SALSE',1001);
INSERT INTO DEPT VALUES(20,'MANAGER',1002);
INSERT INTO DEPT VALUES(30,'OPRATION',1003);
INSERT INTO DEPT VALUES(40,'MARKETING',1004);
INSERT INTO DEPT VALUES(50,'IT',1005);

---- step 3. COMMIT 
COMMIT;
SELECT * FROM DEPT;
---- step 4. CREATE 1 EMP TABLE ( EMPID PK , ENAME NOT NULL  , SALARY NOT NULL, 
---                               EMAILID UNIQUE  , COMM_PCT CHEC ( > 0 ) , DID FK )

CREATE TABLE EMP(
EMP_ID NUMBER PRIMARY KEY,
EMP_NAME VARCHAR2(30) NOT NULL,
SALARY NUMBER NOT NULL,
EMAIL_ID VARCHAR2(20) UNIQUE,
COMMISSION_PCT NUMBER CHECK(COMMISSION_PCT>0),
DEPARTMENT_ID NUMBER,
CONSTRAINT DEP_FK FOREIGN KEY(DEPARTMENT_ID)
REFERENCES DEPT(DEPARTMENT_ID));

-- step 5. TRY TO INSERT 6,7 records and check all constriants are working properly or not
INSERT INTO EMP VALUES(1,'RAM',3000,'WRRQEDE',0.3,10);
INSERT INTO EMP VALUES(2,'TANEHSH',2300,'SFHGHGH',0.1,20);
INSERT INTO EMP VALUES(3,'RAMEH',4500,'FJJGGHG',0.3,10);
INSERT INTO EMP VALUES(4,'RAMKUMARI',1200,'DFHHJGUY',0.3,20);
INSERT INTO EMP VALUES(5,'GITA',5000,'JKUUHGH',0.2,10);
INSERT INTO EMP VALUES(6,'GITA',2000,'DBBNHMMU',0.2,10);
INSERT INTO EMP VALUES(7,'RETA',1000,'ASFSDDGH',0.1,20);

SELECT * FROM EMP;


--------- HOMEWORK 2 --------------------

---- step 1.  CREATE NEW DEPT TABLE ( DID PK , DNAME NOT NULL & UNIQUE  , LOC_ID)
----       ( DID VALUES :- 10,20,30,40,50)
CREATE TABLE DEPT_1(
DEPARTMENT_ID NUMBER CONSTRAINT DEPT_DEPT_ID_PK PRIMARY KEY,
DEPARTMENT_NAME VARCHAR2(20) CONSTRAINT DEPT_DEPT_NAME_NOTNULL NOT NULL
                             CONSTRAINT DEPT_DEPT_NAME_UN UNIQUE,
LOCATION_ID NUMBER);

---- step 2. INSERT 5 RECORDS INTO DEPT TABLE 
INSERT INTO DEPT_1 VALUES(10,'SALSE',1001);
INSERT INTO DEPT_1 VALUES(20,'MANAGER',1002);
INSERT INTO DEPT_1 VALUES(30,'OPRATION',1003);
INSERT INTO DEPT_1 VALUES(40,'MARKETING',1004);
INSERT INTO DEPT_1 VALUES(50,'IT',1005);
---- step 3. COMMIT 
COMMIT;
SELECT * FROM DEPT_1;

---- step 4. CREATE NEW EMP TABLE ( EMPID PK , ENAME NOT NULL  , SALARY NOT NULL, 
---                                  EMAILID UNIQUE  , DID FK )
CREATE TABLE EMP_1(
EMP_ID NUMBER CONSTRAINT EMP_ID1_PK PRIMARY KEY,
EMP_NAME VARCHAR2(30) CONSTRAINT EMP_NAME1_NOT_NULL NOT NULL,
SALARY NUMBER CONSTRAINT SALARY1_NOTNULL NOT NULL,
EMAIL_ID VARCHAR2(20)CONSTRAINT EMAIL1_UN UNIQUE,
DEPARTMENT_ID NUMBER,
CONSTRAINT DEPT_1_FK FOREIGN KEY(DEPARTMENT_ID)
REFERENCES DEPT_1(DEPARTMENT_ID));

DROP TABLE EMP_1;
-- step 5. TRY TO INSERT 2,3  records and try to keep PK & FK VALUES differently .. ( IMP )
--( IN EMP TABLE TRY TO KEEP DID VALUES : 100,200,300)
INSERT INTO EMP_1 VALUES(1,'RAM',3000,'WRRQEDE',10);
INSERT INTO EMP_1 VALUES(2,'TANEHSH',2300,'SFHGHGH',20);
INSERT INTO EMP_1 VALUES(3,'RAMEH',4500,'FJJGGHG',10);
INSERT INTO EMP_1 VALUES(4,'RAMKUMARI',1200,'DFHHJGUY',20);
INSERT INTO EMP_1 VALUES(5,'GITA',5000,'JKUUHGH',10);
INSERT INTO EMP_1 VALUES(6,'GITA',2000,'DBBNHMMU',10);
INSERT INTO EMP_1 VALUES(7,'RETA',1000,'ASFSDDGH',20);

--------- HOMEWORK 3 --------------------
--- TRY TO USE UPDATE STATEMEBTS 
UPDATE EMP_1 SET EMP_NAME=NULL
WHERE EMP_ID=1;

UPDATE EMP_1 SET EMP_NAME='ROHIT'
WHERE EMP_ID=1;

SELECT * FROM EMP_1; 
------------------------------ REVISION TOPICS ( HOMEWORK 4 ) -------------------

--CREATE VIEW ON TABLE IN WHICH CONSTAINTS ARE PRESENT
CREATE VIEW EMP_1_VIEW AS SELECT * FROM EMP_1;

SELECT * FROM EMP_1_VIEW;

--TRY TO PERFORM DML OPERATIONS ON VIEW 
--( CHECK , CONSTRAINTS ARE GETTING VOILTED OR NOT )
UPDATE EMP_1_VIEW SET EMP_NAME=NULL
WHERE EMP_ID=1;

UPDATE EMP_1_VIEW SET EMP_NAME='RAM'
WHERE EMP_ID=1;

------------------------------ REVISION TOPICS ( HOMEWORK 5 ) IMP -------------------
--EMP( CONSTRINASTS)  --> EMP_BKP  ( CONSTAINTS copy ??? )

CREATE TABLE EMP_001 AS SELECT * FROM EMP;

DESC EMP_001;